11432121,Michell Haney,Tom got a small piece of pie.,11432122
11432113,Kory Born,Mrs Miller wants the entire house repainted.,11432114
11432116,Shakira Krach,I often see the time 11:11 or 12:34 on clocks.,11432117
11432115,Rachel Forbis,Can I have some juice to drink?,11432116
11432114,Tammy Wiseley,"Sometimes, all you need to do is completely make an bum of yourself and laugh it off to realise that life isn't so bad after all.",11432115
11432117,Karyl Akerley,He learned the hardest lesson of his life and had the scars,11432118
11432119,Astrid Bence,"Wow does that work?",11432120
11432120,Kasi Sydnor,"He ran out of money so he had to stop playing poker.",11432121
11432123,Franklin Phu,Two seats were vacant.,11432124
11432112,Florinda Torrens,"Did you know that along with gorgeous architecture it's home to the largest tamale?",NULL
11432125,Audrea Byrd,There was coal in his stocking and he was thrilled.,11432126
11432127,Maegan Salgado,Never underestimate the willingness of the greedy to throw you under the bus.,11432128
11432126,Shery Thresher,His confidence would have bee admirable if it wasn't for his stupidity.,11432127
11432129,Roxane Weidler,This is a Japanese doll.,11432130
11432130,Laurette Amburgey,So long and thanks for the fish.,11432131
11432118,Katy Oliver,At that moment he wasn't listening to music,11432119
11432124,Flossie Bleich,"I really want to go to work but I am too sick to drive.",11432125
11432131,Yolanda Conerly,He found the end of the rainbow and was surprised at what he found there.,11432132
11432132,Genaro Prather,There's a reason that roses have thorns.,11432133
11432133,Chante Segui,"Once you know all the elements it's not difficult to pull together a sentence.",11432134
11432139,Mike Segarra,He hated that he loved what she hated about hate.,11432140
11432122,Clement Nolley,She finally understood that grief was her love with no place for it to go.,11432123
11432134,Cristie Vestal,"He didn't want to go to the dentist yet he went anyway.",11432135
11432136,Meri Salmons,You've been eyeing me all day and waiting for your move like a lion stalking a gazelle in a savannah.,11432137
11432135,Izola Vanbuskirk,It would have been a better night if the guys next to us weren't in the splash zone.,11432136
11432128,Ona Fail,Where do random thoughts come from?,11432129
11432137,Gianna Couturier,He had a hidden stash underneath the floorboards in the back room of the house.,11432138
11432138,Sanda Stinger,A glittering gem is not enough.,11432139
11432141,Marilee Gove,The body may perhaps compensates for the loss of a true metaphysics.,11432142
11432140,Maisha Oda,They ran around the corner to find that they had traveled back in time.,11432141
11432143,Linnie Wein,We had a three-course meal.,11432144
11432142,Reggie Tison,Joe made the sugar cookies; Susan decorated them.,11432143
11432145,Rikki Kroeker,The pigs were insulted that they were named hamburgers.,11432146
11432144,Glenda Shi,"Had he known what was going to happen he would have never stepped into the shower.",11432145
11432147,Mirna Crawley,It was the scarcity that fueled his creativity.,11432148
11432146,Trudy Devinney,The pizza smells delicious.,11432147
11432151,Karren Forsythe,Writing a list of random sentences is harder than I initially thought it would be.,11432152
11432149,Theresa Matheson,Joe went to the store.,11432150
11432148,Isiah Radtke,Two more days and all his problems would be solved.,11432149
11432150,Jennie Strange,The minute she landed she understood the reason this was a fly-over state.,11432151
11432155,Wanita Swindle,"She hadn't had her cup of coffee and that made things all the worse.",11432156
11432152,Darwin Blick,There can never be too many cherries on an ice cream sundae.,11432153
11432153,Linn Arcuri,The crowd yells and screams for more memes.,11432154
11432154,Malisa Kolb,This is the last random sentence I will be writing and I am going to stop mid-sent,11432155
11432161,Gail Sassano,Cats are good pets for they are clean and are not noisy,11432162
11432157,Moshe Delosantos,One small action would change her life,11432158
11432158,Hunter Paterson,He learned the important lesson that a picnic at the beach on a windy day is a bad idea.,11432159
11432156,Filomena Mcquade,If you like tuna and tomato sauce- try combining the two. It's really not as bad as it sounds.,11432157
11432160,Annice Denault,She saw no irony asking me to change but wanting me to accept her for who she is.,11432161
11432159,Lynn Schippers,The sky is clear; the stars are twinkling.,11432160
